"","originalTitle","Freq","Sent","Black"
"15","love",3219,"blue","black"
"27","story",2161,"grey","black"
"30","life",2059,"grey","black"
"43","last",1546,"grey","black"
"47","night",1457,"grey","black"
"48","one",1367,"grey","black"
"52","girl",1264,"grey","black"
"53","black",1253,"grey","black"
"60","project",1200,"grey","black"
"61","world",1146,"grey","black"
"62","movie",1134,"grey","black"
"68","time",1061,"grey","black"
"70","american",1022,"grey","black"
"72","new",1019,"grey","black"
"73","house",1004,"grey","black"
"75","dead",994,"red","black"
"77","day",923,"grey","black"
"79","city",914,"grey","black"
"80","little",910,"grey","black"
"81","death",861,"red","black"
"82","road",860,"grey","black"
"84","home",852,"grey","black"
"88","lost",824,"red","black"
"89","big",820,"grey","black"
"90","blood",814,"grey","black"
"91","dark",811,"red","black"
"92","red",810,"grey","black"
"93","girls",808,"grey","black"
"97","woman",770,"grey","black"
"99","shi",744,"grey","black"
"104","blue",733,"grey","black"
"106","film",730,"grey","black"
"107","men",721,"grey","black"
"108","heart",713,"grey","black"
"111","white",699,"grey","black"
"112","live",692,"grey","black"
"114","boy",676,"grey","black"
"115","two",675,"grey","black"
"119","king",657,"grey","black"
"120","days",652,"grey","black"
"125","great",630,"blue","black"
"126","secret",627,"grey","black"
"128","journey",621,"grey","black"
"132","wild",609,"red","black"
"135","way",596,"grey","black"
"136","land",592,"grey","black"
"137","dream",590,"grey","black"
"139","lady",589,"grey","black"
"140","mr.",588,"grey","black"
"142","good",585,"blue","black"
"143","si",580,"grey","black"
"145","back",561,"grey","black"
"147","three",557,"grey","black"
"148","ji",556,"grey","black"
"149","women",554,"grey","black"
"150","ki",548,"grey","black"
"152","street",547,"grey","black"
"155","van",533,"grey","black"
"158","first",524,"grey","black"
"159","beyond",520,"grey","black"
"160","west",510,"grey","black"
"162","game",506,"grey","black"
"164","part",500,"grey","black"
"165","bad",499,"red","black"
"167","della",494,"grey","black"
"168","high",494,"grey","black"
"170","long",489,"grey","black"
"171","ren",489,"grey","black"
"173","island",482,"grey","black"
"174","ang",481,"grey","black"
"175","family",480,"grey","black"
"176","nu",474,"grey","black"
"177","end",473,"grey","black"
"178","art",472,"grey","black"
"179","documentary",470,"grey","black"
"183","don'",462,"grey","black"
"184","v",462,"grey","black"
"185","2:",460,"grey","black"
"187","like",460,"blue","black"
"188","people",452,"grey","black"
"191","america",448,"grey","black"
"192","return",448,"grey","black"
"193","dreams",444,"grey","black"
"194","ka",444,"grey","black"
"195","god",443,"grey","black"
"196","hollywood",442,"grey","black"
"197","paris",441,"grey","black"
"198","moon",440,"grey","black"
"199","star",440,"grey","black"
"203","qing",432,"grey","black"
"204","hell",431,"red","black"
"206","go",429,"grey","black"
"207","liebe",429,"grey","black"
"208","boys",428,"grey","black"
"211","young",426,"grey","black"
"212","river",424,"grey","black"
"213","rock",422,"grey","black"
"214","fire",420,"grey","black"
"217","light",411,"grey","black"
"219","summer",406,"grey","black"
"220","baby",398,"grey","black"
"221","ghost",397,"grey","black"
"222","christmas",394,"grey","black"
"223","legend",391,"grey","black"
"224","children",389,"grey","black"
"225","zhi",389,"grey","black"
"226","behind",388,"grey","black"
"227","town",387,"grey","black"
"228","kill",386,"red","black"
"229","never",386,"grey","black"
"230","old",386,"grey","black"
"231","living",383,"grey","black"
"234","making",379,"grey","black"
"235","music",379,"grey","black"
"236","party",379,"grey","black"
"238","kid",378,"grey","black"
"239","hot",377,"blue","black"
"240","mo",377,"grey","black"
"241","song",377,"grey","black"
"242","tou",376,"grey","black"
"243","murder",375,"red","black"
"244","yu",375,"grey","black"
"245","killer",374,"red","black"
"246","onna",373,"grey","black"
"247","dance",372,"grey","black"
"248","miss",368,"red","black"
"249","just",366,"grey","black"
"250","paradise",366,"blue","black"
"252","run",365,"grey","black"
"255","come",361,"grey","black"
"256","water",361,"grey","black"
"257","inside",360,"grey","black"
"258","sun",360,"grey","black"
"259","zi",360,"grey","black"
"260","eyes",359,"grey","black"
"261","shadow",359,"grey","black"
"265","san",355,"grey","black"
"266","call",352,"grey","black"
"269","gold",347,"blue","black"
"270","fall",345,"red","black"
"271","trail",345,"grey","black"
"272","yi",342,"grey","black"
"275","adventures",337,"grey","black"
"276","john",337,"grey","black"
"277","midnight",337,"grey","black"
"278","years",337,"grey","black"
"282","angel",334,"blue","black"
"284","queen",332,"grey","black"
"285","amor",331,"grey","black"
"286","'",331,"grey","black"
"287","law",331,"grey","black"
"288","best",330,"blue","black"
"290","school",330,"grey","black"
"291","ang",329,"grey","black"
"292","jack",329,"grey","black"
"293","onna",329,"grey","black"
"295","money",328,"grey","black"
"296","sweet",327,"blue","black"
"297","earth",326,"grey","black"
"298","club",325,"grey","black"
"300","devil",323,"red","black"
"301","soul",323,"grey","black"
"302","true",322,"grey","black"
"303","truth",322,"grey","black"
"304","sky",321,"grey","black"
"305","york",321,"grey","black"
"306","get",320,"grey","black"
"307","magic",320,"blue","black"
"308","ek",319,"grey","black"
"311","wife",318,"grey","black"
"312","xia",318,"grey","black"
"313","happy",317,"blue","black"
"314","broken",316,"red","black"
"315","dr.",316,"grey","black"
"316","golden",316,"blue","black"
"317","final",314,"grey","black"
"318","room",313,"grey","black"
"319","perfect",312,"blue","black"
"321","dog",309,"grey","black"
"322","qi",309,"grey","black"
"323","us",309,"grey","black"
"325","dos",306,"grey","black"
"327","per",306,"grey","black"
"328","hard",305,"red","black"
"331","vida",305,"grey","black"
"332","green",304,"grey","black"
"333","hua",302,"grey","black"
"334","side",302,"grey","black"
"335","fear",301,"red","black"
"336","place",301,"grey","black"
"337","si",301,"grey","black"
"338","mystery",298,"red","black"
"339","year",297,"grey","black"
"340","tale",296,"grey","black"
"341","hope",295,"grey","black"
"344","space",292,"grey","black"
"346","rose",289,"grey","black"
"347","vie",289,"grey","black"
"348","heaven",288,"blue","black"
"349","stories",288,"grey","black"
"350","tis",288,"grey","black"
"351","country",287,"grey","black"
"353","four",285,"grey","black"
"354","valley",285,"grey","black"
"355","fu",284,"grey","black"
"356","hai",284,"grey","black"
"357","feng",283,"grey","black"
"358","hu",283,"grey","black"
"362","show",278,"grey","black"
"364","tian",278,"grey","black"
"365","vs.",278,"grey","black"
"367","jian",277,"grey","black"
"368","silent",277,"blue","black"
"369","without",277,"grey","black"
"370","che",276,"grey","black"
"371","hong",276,"grey","black"
"372","kai",276,"grey","black"
"373","em",275,"grey","black"
"375","blues",274,"grey","black"
"376","don",274,"grey","black"
"378","power",274,"grey","black"
"379","history",273,"grey","black"
"384","mountain",271,"grey","black"
"385","evil",270,"red","black"
"386","double",269,"grey","black"
"387","justice",269,"grey","black"
"388","seven",269,"grey","black"
"390","ke",268,"grey","black"
"391","north",268,"grey","black"
"392","x",268,"grey","black"
"393","battle",266,"grey","black"
"395","amor",264,"grey","black"
"396","og",264,"grey","black"
"397","south",264,"grey","black"
"399","freedom",263,"blue","black"
"400","play",263,"grey","black"
"401","gun",262,"grey","black"
"403","rise",262,"grey","black"
"405","muerte",259,"grey","black"
"406","texas",259,"grey","black"
"407","ye",259,"grey","black"
"408","aur",258,"grey","black"
"409","devil'",258,"grey","black"
"411","ga",257,"grey","black"
"412","mind",257,"grey","black"
"413","name",257,"grey","black"
"414","now",257,"grey","black"
"415","wu",257,"grey","black"
"417","take",255,"grey","black"
"418","adventure",254,"grey","black"
"419","fighting",254,"grey","black"
"420","kiss",254,"grey","black"
"421","lives",254,"grey","black"
"422","revenge",254,"red","black"
"423","terror",254,"red","black"
"424","wedding",253,"grey","black"
"425","five",252,"grey","black"
"426","hero",252,"blue","black"
"427","hotel",252,"grey","black"
"428","search",252,"grey","black"
"429","ying",251,"grey","black"
"430","angels",250,"grey","black"
"432","made",249,"grey","black"
"434","deep",248,"grey","black"
"435","dei",248,"grey","black"
"436","face",248,"grey","black"
"437","gui",248,"grey","black"
"438","can",247,"grey","black"
"439","leben",247,"grey","black"
"441","brothers",246,"grey","black"
"442","mother",246,"grey","black"
"443","second",246,"grey","black"
"444","wang",245,"grey","black"
"445","xing",245,"grey","black"
"446","på",244,"grey","black"
"447","romance",244,"grey","black"
"450","beautiful",243,"blue","black"
"451","long",243,"grey","black"
"452","xiao",243,"grey","black"
"453","desert",242,"red","black"
"455","eye",241,"grey","black"
"456","fight",241,"grey","black"
"458","dao",240,"grey","black"
"459","real",239,"grey","black"
"460","zero",239,"grey","black"
"461","born",238,"grey","black"
"462","hearts",238,"grey","black"
"464","human",236,"grey","black"
"465","jie",236,"grey","black"
"468","shadows",236,"grey","black"
"469","frau",235,"grey","black"
"470","welcome",235,"blue","black"
"471","child",234,"grey","black"
"472","jungle",234,"grey","black"
"473","wu",234,"grey","black"
"474","free",233,"blue","black"
"475","goes",233,"grey","black"
"476","park",233,"grey","black"
"477","secrets",232,"grey","black"
"478","tales",232,"grey","black"
"479","yan",232,"grey","black"
"480","darkness",231,"red","black"
"481","door",231,"grey","black"
"482","strange",231,"red","black"
"484","case",230,"grey","black"
"485","friends",230,"grey","black"
"487","joe",229,"grey","black"
"488","portrait",229,"grey","black"
"489","ride",228,"grey","black"
"490","sheng",228,"grey","black"
"491","crime",227,"red","black"
"494","mujer",225,"grey","black"
"496","gang",224,"grey","black"
"497","gone",224,"grey","black"
"498","san",224,"grey","black"
"499","ba",223,"grey","black"
"501","dangerous",222,"red","black"
"503","santa",222,"grey","black"
"504","edge",221,"grey","black"
"505","forever",220,"grey","black"
"506","'",220,"grey","black"
"507","line",220,"grey","black"
"508","raja",220,"grey","black"
"509","beauty",219,"blue","black"
"510","china",219,"grey","black"
"511","coming",219,"grey","black"
"512","monogatari",218,"grey","black"
"513","maria",217,"grey","black"
"514","monster",217,"red","black"
"516","fei",216,"grey","black"
"518","jia",216,"grey","black"
"519","noche",216,"grey","black"
"520","nuit",216,"grey","black"
"521","point",216,"grey","black"
"522","spirit",216,"grey","black"
"523","trouble",216,"red","black"
"525","body",215,"grey","black"
"526","chance",215,"grey","black"
"527","chikan",215,"grey","black"
"529","dragon",214,"grey","black"
"530","dawn",213,"blue","black"
"532","london",212,"grey","black"
"534","daughter",211,"grey","black"
"535","johnny",211,"grey","black"
"536","li",211,"grey","black"
"538","father",210,"grey","black"
"539","rising",210,"grey","black"
"540","silence",210,"grey","black"
"542","east",209,"grey","black"
"543","six",209,"grey","black"
"544","kids",208,"grey","black"
"545","oru",208,"grey","black"
"546","another",207,"grey","black"
"549","super",206,"blue","black"
"550","wind",206,"grey","black"
"551","xiong",206,"grey","black"
"552","yi",206,"grey","black"
"553","crazy",205,"red","black"
"554","deadly",205,"red","black"
"556","hill",204,"grey","black"
"557","killing",204,"red","black"
"558","revolution",204,"grey","black"
"559","10",203,"grey","black"
"560","escape",203,"grey","black"
"561","finding",203,"grey","black"
"562","hour",203,"grey","black"
"563","za",203,"grey","black"
"564","make",202,"grey","black"
"565","rio",202,"grey","black"
"568","master",201,"blue","black"
"569","still",200,"grey","black"
"571","v",199,"grey","black"
"572","winter",199,"grey","black"
"573","wolf",199,"grey","black"
"574","diary",198,"grey","black"
"575","mary",198,"grey","black"
"576","nothing",198,"grey","black"
"577","yuan",198,"grey","black"
"578","beach",197,"grey","black"
"579","dirty",197,"red","black"
"580","air",196,"grey","black"
"581","è",196,"grey","black"
"582","future",196,"grey","black"
"583","ka",196,"grey","black"
"584","teil",196,"grey","black"
"585","things",196,"grey","black"
"586","blind",195,"red","black"
"587","right",195,"blue","black"
"588","zombie",195,"red","black"
"589","away",194,"grey","black"
"590","bu",194,"grey","black"
"591","cold",194,"red","black"
"592","ice",194,"grey","black"
"593","lucky",194,"blue","black"
"595","age",193,"grey","black"
"597","ko",193,"grey","black"
"598","business",192,"grey","black"
"599","femme",192,"grey","black"
"600","legacy",192,"grey","black"
"601","nights",192,"grey","black"
"602","mad",191,"red","black"
"603","nacht",191,"grey","black"
"604","affair",190,"grey","black"
"605","hombre",190,"grey","black"
"606","ja",190,"grey","black"
"607","meet",190,"grey","black"
"608","shou",190,"grey","black"
"609","xiao",190,"grey","black"
"610","hand",189,"grey","black"
"611","naked",189,"grey","black"
"612","prince",189,"grey","black"
"613","shen",189,"grey","black"
"614","state",189,"grey","black"
"615","full",188,"grey","black"
"616","shi",188,"grey","black"
"617","casa",187,"grey","black"
"618","ii:",187,"grey","black"
"619","'",187,"grey","black"
"620","next",187,"grey","black"
"623","doctor",186,"grey","black"
"624","och",186,"grey","black"
"625","thing",186,"grey","black"
"627","lang",185,"grey","black"
"628","sha",185,"grey","black"
"629","tiger",185,"grey","black"
"630","times",185,"grey","black"
"631","100",184,"grey","black"
"632","bride",184,"grey","black"
"633","peace",184,"blue","black"
"634","walk",184,"grey","black"
"635","'",183,"grey","black"
"637","heroes",183,"grey","black"
"638","see",183,"grey","black"
"639","3:",182,"grey","black"
"641","hidden",182,"grey","black"
"642","horror",182,"grey","black"
"644","tree",182,"grey","black"
"645","mission",181,"grey","black"
"646","passion",181,"blue","black"
"648","david",180,"grey","black"
"649","season",180,"grey","black"
"650","3d",179,"grey","black"
"651","captain",179,"grey","black"
"652","let",179,"grey","black"
"653","mei",179,"grey","black"
"654","youth",179,"grey","black"
"655","berlin",178,"grey","black"
"656","change",178,"grey","black"
"657","cinema",178,"grey","black"
"658","ge",178,"grey","black"
"659","het",178,"grey","black"
"660","non",178,"grey","black"
"661","open",178,"grey","black"
"662","planet",178,"grey","black"
"663","private",178,"grey","black"
"664","stranger",178,"red","black"
"665","voices",178,"grey","black"
"666","code",177,"grey","black"
"668","storm",177,"grey","black"
"669","book",176,"grey","black"
"670","forest",176,"grey","black"
"671","know",176,"grey","black"
"672","lake",176,"grey","black"
"673","alone",175,"grey","black"
"674","comes",175,"grey","black"
"676","going",175,"grey","black"
"677","iii",175,"grey","black"
"678","silver",175,"grey","black"
"679","tokyo",175,"grey","black"
"680","trip",175,"grey","black"
"681","within",175,"grey","black"
"682","fu",174,"grey","black"
"683","garden",174,"grey","black"
"684","nu",174,"grey","black"
"685","cry",173,"red","black"
"686","force",173,"grey","black"
"688","stars",173,"grey","black"
"689","va",173,"grey","black"
"691","charlie",172,"grey","black"
"692","chun",172,"grey","black"
"694","film",172,"grey","black"
"696","james",172,"grey","black"
"697","ming",172,"grey","black"
"698","phantom",172,"grey","black"
"700","small",172,"grey","black"
"701","tomorrow",172,"grey","black"
"702","camp",171,"grey","black"
"703","curse",171,"red","black"
"704","dancing",171,"grey","black"
"705","jin",171,"grey","black"
"706","po",171,"grey","black"
"707","something",171,"grey","black"
"708","anna",170,"grey","black"
"709","cowboy",170,"grey","black"
"710","juan",170,"grey","black"
"711","maa",170,"grey","black"
"712","welt",170,"grey","black"
"713","yue",170,"grey","black"
"714","forgotten",169,"grey","black"
"715","horse",169,"grey","black"
"716","mann",169,"grey","black"
"717","tour",169,"grey","black"
"718","invisible",168,"red","black"
"719","rain",168,"grey","black"
"720","st.",168,"grey","black"
"721","uma",168,"grey","black"
"722","9",167,"grey","black"
"723","marriage",167,"grey","black"
"724","8",166,"grey","black"
"725","hun",166,"grey","black"
"726","huo",166,"grey","black"
"727","tell",166,"grey","black"
"728","broadway",165,"grey","black"
"730","het",165,"grey","black"
"731","iron",165,"grey","black"
"732","jing",165,"grey","black"
"733","million",165,"grey","black"
"734","nation",165,"grey","black"
"736","box",164,"grey","black"
"737","princess",164,"grey","black"
"738","vita",164,"grey","black"
"739","alien",163,"grey","black"
"740","flying",163,"grey","black"
"741","vampire",163,"grey","black"
"743","action",162,"grey","black"
"744","comedy",162,"grey","black"
"745","dil",162,"grey","black"
"746","looking",162,"grey","black"
"747","sister",162,"grey","black"
"748","wall",162,"grey","black"
"749","xiang",162,"grey","black"
"750","generation",161,"grey","black"
"752","ten",161,"grey","black"
"753","vida",161,"grey","black"
"754","africa",160,"grey","black"
"755","breaking",160,"red","black"
"756","chasing",160,"grey","black"
"757","dai",160,"grey","black"
"758","gu",160,"grey","black"
"759","huang",160,"grey","black"
"760","massacre",160,"red","black"
"762","u",160,"grey","black"
"764","grace",159,"blue","black"
"765","madame",159,"grey","black"
"766","notte",159,"grey","black"
"768","z",159,"grey","black"
"770","cielo",158,"grey","black"
"771","dogs",158,"grey","black"
"772","glory",158,"blue","black"
"773","hai",158,"grey","black"
"774","pink",158,"grey","black"
"775","qing",158,"grey","black"
"776","danger",157,"red","black"
"777","grande",157,"grey","black"
"778","hunter",157,"grey","black"
"779","lian",157,"grey","black"
"780","mädchen",157,"grey","black"
"781","monde",157,"grey","black"
"784","ring",156,"grey","black"
"785","sisters",156,"grey","black"
"787","bir",155,"grey","black"
"788","jin",155,"grey","black"
"789","kingdom",155,"grey","black"
"790","operation",155,"grey","black"
"791","unknown",155,"red","black"
"792","bill",154,"grey","black"
"793","brother",154,"grey","black"
"794","burning",154,"red","black"
"795","max",154,"grey","black"
"796","peter",154,"grey","black"
"797","yu",154,"grey","black"
"798","flight",153,"grey","black"
"799","holiday",153,"grey","black"
"800","tai",153,"grey","black"
"801","tian",153,"grey","black"
"802","treasure",153,"blue","black"
"803","weekend",153,"grey","black"
"805","can'",152,"grey","black"
"806","cross",152,"grey","black"
"807","faith",152,"blue","black"
"808","games",152,"grey","black"
"809","gong",152,"grey","black"
"810","lies",152,"red","black"
"812","running",152,"grey","black"
"813","snow",152,"grey","black"
"814","sound",152,"grey","black"
"815","touch",152,"grey","black"
"817","voice",152,"grey","black"
"818","30",151,"grey","black"
"820","express",151,"grey","black"
"821","head",151,"grey","black"
"822","mama",151,"grey","black"
"823","bridge",150,"grey","black"
"824","dear",150,"grey","black"
"825","everything",150,"grey","black"
"826","feng",150,"grey","black"
"827","kings",150,"grey","black"
"828","let'",150,"grey","black"
"829","otoko",150,"grey","black"
"830","shot",150,"grey","black"
"831","kind",149,"grey","black"
"832","mundo",149,"grey","black"
"833","top",149,"blue","black"
"834","train",149,"grey","black"
"835","az",148,"grey","black"
"836","border",148,"grey","black"
"837","flesh",148,"grey","black"
"839","mou",148,"grey","black"
"840","race",148,"grey","black"
"841","third",148,"grey","black"
"844","xi",148,"grey","black"
"845","xian",148,"grey","black"
"846","desire",147,"grey","black"
"847","fast",147,"blue","black"
"848","india",147,"grey","black"
"850","ninja",147,"grey","black"
"851","stop",147,"grey","black"
"852","talk",147,"grey","black"
"853","gay",146,"grey","black"
"855","shin",146,"grey","black"
"856","12",145,"grey","black"
"857","band",145,"grey","black"
"858","beast",144,"grey","black"
"859","circus",144,"grey","black"
"860","every",144,"grey","black"
"861","grand",144,"blue","black"
"862","royal",144,"grey","black"
"863","thunder",144,"grey","black"
"864","waiting",144,"grey","black"
"867","diamond",143,"grey","black"
"868","hills",143,"grey","black"
"869","ladies",143,"grey","black"
"870","missing",143,"grey","black"
"871","roll",143,"grey","black"
"872","stone",143,"grey","black"
"874","alive",142,"grey","black"
"876","came",142,"grey","black"
"877","circle",142,"grey","black"
"878","dai",142,"grey","black"
"879","delle",142,"grey","black"
"880","dos",142,"grey","black"
"881","far",142,"grey","black"
"882","hands",142,"grey","black"
"883","hours",142,"grey","black"
"884","musical",142,"grey","black"
"885","prem",142,"grey","black"
"886","around",141,"grey","black"
"887","dust",141,"red","black"
"888","guns",141,"grey","black"
"889","modern",141,"blue","black"
"890","paul",141,"grey","black"
"891","vengeance",141,"red","black"
"892","warrior",141,"grey","black"
"893","men",140,"grey","black"
"894","path",140,"grey","black"
"895","price",140,"grey","black"
"896","stand",140,"grey","black"
"897","wrong",140,"red","black"
"898","heat",139,"grey","black"
"899","special",139,"grey","black"
"900","yellow",139,"grey","black"
"901","adam",138,"grey","black"
"902","better",138,"blue","black"
"903","grande",138,"grey","black"
"904","greatest",138,"blue","black"
"905","honor",138,"blue","black"
"906","lu",138,"grey","black"
"907","oi",138,"grey","black"
"908","cat",137,"grey","black"
"909","george",137,"grey","black"
"910","main",137,"grey","black"
"911","shan",137,"grey","black"
"912","spring",137,"grey","black"
"913","billy",136,"grey","black"
"914","det",136,"grey","black"
"915","easy",136,"blue","black"
"916","haunted",136,"grey","black"
"917","om",136,"grey","black"
"918","spy",136,"grey","black"
"920","terra",136,"grey","black"
"921","volume",136,"grey","black"
"922","work",136,"blue","black"
"923","zhong",136,"grey","black"
"924","bao",135,"grey","black"
"926","guy",135,"grey","black"
"927","michael",135,"grey","black"
"928","tom",135,"grey","black"
"929","zoku",135,"grey","black"
"930","dan",134,"grey","black"
"931","demon",134,"red","black"
"932","fly",134,"grey","black"
"933","glass",134,"grey","black"
"934","kong",134,"grey","black"
"935","liu",134,"grey","black"
"936","moment",134,"grey","black"
"938","strangers",134,"grey","black"
"939","tan",134,"grey","black"
"940","teenage",134,"grey","black"
"942","beat",133,"grey","black"
"944","friend",133,"grey","black"
"945","lone",133,"red","black"
"946","luck",133,"blue","black"
"947","mo",133,"grey","black"
"948","mrs.",133,"grey","black"
"949","redemption",133,"blue","black"
"950","say",133,"grey","black"
"951","agent",132,"grey","black"
"952","always",132,"grey","black"
"954","fille",132,"grey","black"
"955","ghosts",132,"grey","black"
"956","gli",132,"grey","black"
"957","goodbye",132,"grey","black"
"958","madness",132,"red","black"
"959","rider",132,"grey","black"
"960","ye",132,"grey","black"
"961","chi",131,"grey","black"
"962","ground",131,"grey","black"
"963","jiao",131,"grey","black"
"964","left",131,"grey","black"
"966","past",131,"grey","black"
"968","yang",131,"grey","black"
"969","california",130,"grey","black"
"970","jones",130,"grey","black"
"971","lovers",130,"grey","black"
"972","nowhere",130,"grey","black"
"973","quan",130,"grey","black"
"974","sam",130,"grey","black"
"975","ve",130,"grey","black"
"976","zhan",130,"grey","black"
"977","cut",129,"grey","black"
"979","highway",129,"grey","black"
"980","miracle",129,"blue","black"
"981","bar",128,"grey","black"
"982","bloody",128,"red","black"
"983","chu",128,"grey","black"
"984","gods",128,"grey","black"
"985","woods",128,"grey","black"
"986","words",128,"grey","black"
"987","'",127,"grey","black"
"988","dou",127,"grey","black"
"989","fei",127,"grey","black"
"990","fury",127,"red","black"
"991","jane",127,"grey","black"
"992","may",127,"grey","black"
"993","memory",127,"grey","black"
"994","mera",127,"grey","black"
"995","mondo",127,"grey","black"
"996","nightmare",127,"red","black"
"999","cheng",126,"grey","black"
"1000","college",126,"grey","black"
"1001","indian",126,"grey","black"
"1002","jesus",126,"grey","black"
"1004","enemy",125,"red","black"
"1005","machine",125,"grey","black"
"1006","morte",125,"grey","black"
"1007","sunset",125,"grey","black"
"1009","u",125,"grey","black"
"1010","wanted",125,"grey","black"
"1012","xue",125,"grey","black"
"1013","class",124,"grey","black"
"1014","forbidden",124,"red","black"
"1016","police",124,"grey","black"
"1017","rainbow",124,"grey","black"
"1018","riders",124,"grey","black"
"1019","together",124,"grey","black"
"1020","vegas",124,"grey","black"
"1022","ever",123,"grey","black"
"1023","harry",123,"grey","black"
"1024","hei",123,"grey","black"
"1025","ke",123,"grey","black"
"1026","krishna",123,"grey","black"
"1027","ling",123,"grey","black"
"1028","mine",123,"grey","black"
"1029","pretty",123,"blue","black"
"1030","speed",123,"grey","black"
"1032","across",122,"grey","black"
"1033","act",122,"grey","black"
"1034","destiny",122,"blue","black"
"1035","guerra",122,"grey","black"
"1036","hum",122,"red","black"
"1037","jiang",122,"grey","black"
"1038","look",122,"grey","black"
"1039","ali",121,"grey","black"
"1040","alice",121,"grey","black"
"1041","faces",121,"grey","black"
"1042","festival",121,"grey","black"
"1043","got",121,"grey","black"
"1044","happiness",121,"blue","black"
"1045","hit",121,"grey","black"
"1046","hunt",121,"grey","black"
"1047","lust",121,"grey","black"
"1048","mark",121,"grey","black"
"1049","morning",121,"grey","black"
"1050","short",121,"grey","black"
"1051","skin",121,"grey","black"
"1052","wings",121,"grey","black"
"1053","zone",121,"grey","black"
"1054","2.",120,"grey","black"
"1055","24",120,"grey","black"
"1056","ana",120,"grey","black"
"1057","chronicles",120,"grey","black"
"1058","gift",120,"grey","black"
"1059","meng",120,"grey","black"
"1060","sing",120,"grey","black"
"1062","tod",120,"grey","black"
"1063","western",120,"grey","black"
"1064","wives",120,"grey","black"
"1065","farm",119,"grey","black"
"1066","jai",119,"grey","black"
"1067","lisboa",119,"grey","black"
"1069","warriors",119,"grey","black"
"1070","wei",119,"grey","black"
"1071","bird",118,"grey","black"
"1073","donna",118,"grey","black"
"1074","eve",118,"grey","black"
"1075","fever",118,"red","black"
"1076","fish",118,"grey","black"
"1077","gui",118,"grey","black"
"1078",".",118,"grey","black"
"1079","quest",118,"grey","black"
"1080","saving",118,"grey","black"
"1081","society",118,"grey","black"
"1082","streets",118,"grey","black"
"1083","vol.",118,"grey","black"
"1084","eva",117,"grey","black"
"1085","keep",117,"grey","black"
"1086","kung",117,"grey","black"
"1087","mga",117,"grey","black"
"1088","otoko",117,"grey","black"
"1089","soldier",117,"grey","black"
"1092","za",117,"grey","black"
"1093","ball",116,"grey","black"
"1094","due",116,"grey","black"
"1095","half",116,"grey","black"
"1096","henry",116,"grey","black"
"1097","ho",116,"grey","black"
"1098","lie",116,"red","black"
"1099","lover",116,"blue","black"
"1100","married",116,"grey","black"
"1101","maya",116,"grey","black"
"1102","miles",116,"grey","black"
"1103","number",116,"grey","black"
"1104","qi",116,"grey","black"
"1105","range",116,"grey","black"
"1106","romeo",116,"grey","black"
"1107","wan",116,"grey","black"
"1108","want",116,"grey","black"
"1109","20",115,"grey","black"
"1110","frank",115,"grey","black"
"1111","guys",115,"grey","black"
"1112","hate",115,"red","black"
"1113","letter",115,"grey","black"
"1114","lights",115,"grey","black"
"1115","último",115,"grey","black"
"1116","village",115,"grey","black"
"1119","lord",114,"grey","black"
"1120","musume",114,"grey","black"
"1121","shanghai",114,"grey","black"
"1122","steel",114,"grey","black"
"1124","wars",114,"grey","black"
"1125","company",113,"grey","black"
"1126","dan",113,"grey","black"
"1127","katha",113,"grey","black"
"1129","radio",113,"grey","black"
"1130","crossing",112,"grey","black"
"1131","ghar",112,"grey","black"
"1132","national",112,"grey","black"
"1133","più",112,"grey","black"
"1134","rani",112,"grey","black"
"1135","saint",112,"blue","black"
"1136","sexo",112,"grey","black"
"1137","uta",112,"grey","black"
"1138","van",112,"grey","black"
"1139","walking",112,"grey","black"
"1140","ban",111,"grey","black"
"1141","deux",111,"grey","black"
"1142","french",111,"grey","black"
"1143","hen",111,"grey","black"
"1144","jim",111,"grey","black"
"1145","lonely",111,"red","black"
"1146","paper",111,"grey","black"
"1147","pride",111,"blue","black"
"1148","pyar",111,"grey","black"
"1149","roma",111,"grey","black"
"1150","tres",111,"grey","black"
"1151","uncle",111,"grey","black"
"1152","upon",111,"grey","black"
"1154","brown",110,"grey","black"
"1155","confessions",110,"red","black"
"1156","creek",110,"grey","black"
"1157","día",110,"grey","black"
"1158","fate",110,"grey","black"
"1159","holy",110,"blue","black"
"1160","hua",110,"grey","black"
"1161","'homme",110,"grey","black"
"1162","shang",110,"grey","black"
"1163","theatre",110,"grey","black"
"1164","til",110,"grey","black"
"1165","underground",110,"grey","black"
"1166","untold",110,"grey","black"
"1167","50",109,"grey","black"
"1168","hong",109,"grey","black"
"1169","ji",109,"grey","black"
"1170","leave",109,"grey","black"
"1171","letzte",109,"grey","black"
"1172","nan",109,"grey","black"
"1173","nel",109,"grey","black"
"1174","picture",109,"grey","black"
"1175","plan",109,"grey","black"
"1176","shen",109,"grey","black"
"1177","tears",109,"grey","black"
"1178","break",108,"red","black"
"1179","coeur",108,"grey","black"
"1180","frontier",108,"grey","black"
"1181","glück",108,"grey","black"
"1182","god'",108,"grey","black"
"1183","maki",108,"grey","black"
"1184","richard",108,"grey","black"
"1185","straight",108,"grey","black"
"1186","date",107,"grey","black"
"1187","historia",107,"grey","black"
"1188","koi",107,"grey","black"
"1189","memories",107,"grey","black"
"1190","monsieur",107,"grey","black"
"1191","pleasure",107,"blue","black"
"1192","savage",107,"red","black"
"1193","sei",107,"grey","black"
"1194","souls",107,"grey","black"
"1195","40",106,"grey","black"
"1196","attack",106,"red","black"
"1197","bob",106,"grey","black"
"1198","casa",106,"grey","black"
"1199","densha:",106,"grey","black"
"1200","fair",106,"blue","black"
"1201","nihon",106,"grey","black"
"1202","tango",106,"grey","black"
"1203","alla",105,"grey","black"
"1204","brooklyn",105,"grey","black"
"1205","castle",105,"grey","black"
"1206","med",105,"grey","black"
"1207","opera",105,"grey","black"
"1208","villa",105,"grey","black"
"1209","zai",105,"grey","black"
"1210","1.",104,"grey","black"
"1211","among",104,"grey","black"
"1212","arizona",104,"grey","black"
"1213","artist",104,"grey","black"
"1214","empire",104,"grey","black"
"1216","jazz",104,"grey","black"
"1217","mirror",104,"grey","black"
"1218","mister",104,"grey","black"
"1219","service",104,"grey","black"
"1220","squad",104,"grey","black"
"1221","urban",104,"grey","black"
"1222","witch",104,"grey","black"
"1223","hou",103,"grey","black"
"1224","letters",103,"grey","black"
"1225","non",103,"grey","black"
"1226","team",103,"grey","black"
"1227","virgin",103,"grey","black"
"1228","voyage",103,"grey","black"
"1229","almost",102,"grey","black"
"1230","called",102,"grey","black"
"1232","geheimnis",102,"grey","black"
"1233","lee",102,"grey","black"
"1234","many",102,"grey","black"
"1235","mort",102,"grey","black"
"1236","nippon",102,"grey","black"
"1237","rich",102,"blue","black"
"1238","rosa",102,"grey","black"
"1239","soldiers",102,"grey","black"
"1240","sunday",102,"grey","black"
"1241","taxi",102,"grey","black"
"1242","+",101,"grey","black"
"1243","butterfly",101,"grey","black"
"1244","chi",101,"grey","black"
"1245","concert",101,"grey","black"
"1246","cop",101,"grey","black"
"1247","'amore",101,"grey","black"
"1248","dollar",101,"grey","black"
"1249","found",101,"grey","black"
"1250","gentleman",101,"grey","black"
"1251","harvest",101,"grey","black"
"1252","loves",101,"blue","black"
"1254","mundo",101,"grey","black"
"1255","nature",101,"grey","black"
"1256","plus",101,"grey","black"
"1257","sacred",101,"grey","black"
"1258","sins",101,"grey","black"
"1259","sons",101,"grey","black"
"1260","step",101,"grey","black"
"1261","stolen",101,"red","black"
"1262","tierra",101,"grey","black"
"1263","venus",101,"grey","black"
"1265","bang",100,"grey","black"
"1266","dong",100,"grey","black"
"1267","drive",100,"grey","black"
"1268","eden",100,"grey","black"
"1269","experience",100,"grey","black"
"1270","femmes",100,"grey","black"
"1271","gekijouban",100,"grey","black"
"1272","job",100,"grey","black"
"1273","joy",100,"blue","black"
"1274","raat",100,"grey","black"
"1275","remember",100,"grey","black"
"1276","sleep",100,"grey","black"
"1277","thief",100,"grey","black"
"1278","trap",100,"red","black"
"1279","zenpen",100,"grey","black"
"1280","ba",99,"grey","black"
"1281","daddy",99,"grey","black"
"1282","darling",99,"blue","black"
"1283","diablo",99,"grey","black"
"1284","fun",99,"blue","black"
"1285","grand",99,"blue","black"
"1286","minutes",99,"grey","black"
"1287","nan",99,"grey","black"
"1288","stage",99,"grey","black"
"1289","sunshine",99,"grey","black"
"1290","yoru",99,"grey","black"
"1291","yun",99,"grey","black"
"1292","amazing",98,"blue","black"
"1293","blonde",98,"grey","black"
"1294","calling",98,"grey","black"
"1295","canyon",98,"grey","black"
"1296","'amour",98,"grey","black"
"1297","dying",98,"red","black"
"1299","fatal",98,"red","black"
"1300","lai",98,"grey","black"
"1301","lane",98,"grey","black"
"1302","li",98,"grey","black"
"1303","papa",98,"grey","black"
"1304","quiet",98,"blue","black"
"1305","sangre",98,"grey","black"
"1306","turn",98,"grey","black"
"1307","bound",97,"grey","black"
"1308","fa",97,"grey","black"
"1309","fan",97,"grey","black"
"1310","hitozuma",97,"grey","black"
"1311","nine",97,"grey","black"
"1312","prison",97,"red","black"
"1313","robert",97,"grey","black"
"1314","takes",97,"grey","black"
"1315","witness",97,"grey","black"
"1316","wonderful",97,"blue","black"
"1317","amar",96,"grey","black"
"1318","animal",96,"grey","black"
"1319","bed",96,"grey","black"
"1320","ben",96,"grey","black"
"1321","chinese",96,"grey","black"
"1322","color",96,"grey","black"
"1323","fantasy",96,"grey","black"
"1324","funny",96,"red","black"
"1325","getting",96,"grey","black"
"1326","hello",96,"grey","black"
"1327","herz",96,"grey","black"
"1328","honeymoon",96,"grey","black"
"1329","hood",96,"grey","black"
"1330","killers",96,"grey","black"
"1331","odyssey",96,"grey","black"
"1332","order",96,"grey","black"
"1333","sexual",96,"grey","black"
"1336","beneath",95,"grey","black"
"1337","county",95,"grey","black"
"1338","filles",95,"grey","black"
"1339","food",95,"grey","black"
"1340","fortune",95,"blue","black"
"1341","hao",95,"grey","black"
"1342","kara",95,"grey","black"
"1343","kita",95,"grey","black"
"1344","manhattan",95,"grey","black"
"1345","mia",95,"grey","black"
"1346","min",95,"grey","black"
"1347","save",95,"grey","black"
"1348","zombies",95,"grey","black"
"1349","african",94,"grey","black"
"1350","birth",94,"grey","black"
"1351","century",94,"grey","black"
"1352","cuba",94,"grey","black"
"1353","detective",94,"grey","black"
"1354","dick",94,"red","black"
"1355","fallen",94,"red","black"
"1356","general",94,"grey","black"
"1357","hana",94,"grey","black"
"1358","hu",94,"grey","black"
"1359","huang",94,"grey","black"
"1360","late",94,"grey","black"
"1361","love,",94,"grey","black"
"1362","mar",94,"red","black"
"1363","must",94,"grey","black"
"1364","southern",94,"grey","black"
"1365","vs",94,"grey","black"
"1366","wake",94,"grey","black"
"1367","zeit",94,"grey","black"
"1368","ask",93,"grey","black"
"1369","cool",93,"blue","black"
"1370","doll",93,"grey","black"
"1371","enfants",93,"grey","black"
"1372","exit",93,"grey","black"
"1373","friday",93,"grey","black"
"1374","lei",93,"grey","black"
"1375","mia",93,"grey","black"
"1376","mujeres",93,"grey","black"
"1377","nian",93,"grey","black"
"1378","per",93,"grey","black"
"1379","ren",93,"grey","black"
"1380","united",93,"grey","black"
"1381","z",93,"grey","black"
"1382","baba",92,"grey","black"
"1383","bhakta",92,"grey","black"
"1385","happened",92,"grey","black"
"1386","monsters",92,"grey","black"
"1387","reality",92,"grey","black"
"1388","square",92,"grey","black"
"1389","tai",92,"grey","black"
"1390","temps",92,"grey","black"
"1391","xi",92,"grey","black"
"1392","america'",91,"grey","black"
"1393","ans",91,"grey","black"
"1394","ao",91,"grey","black"
"1395","b",91,"grey","black"
"1396","burn",91,"red","black"
"1397","chicago",91,"grey","black"
"1399","historia",91,"grey","black"
"1400","jiu",91,"grey","black"
"1401","jour",91,"grey","black"
"1402","promise",91,"blue","black"
"1403","qian",91,"grey","black"
"1404","sati",91,"grey","black"
"1405","scarlet",91,"grey","black"
"1406","ultimate",91,"grey","black"
"1407","flame",90,"grey","black"
"1408","give",90,"grey","black"
"1409","gran",90,"grey","black"
"1410","hui",90,"grey","black"
"1411","knight",90,"grey","black"
"1412","mars",90,"grey","black"
"1413","mask",90,"grey","black"
"1415","ones",90,"grey","black"
"1416","pyaar",90,"grey","black"
"1417","rage",90,"red","black"
"1418","shao",90,"grey","black"
"1419","songs",90,"grey","black"
"1420","video",90,"grey","black"
"1421","watch",90,"grey","black"
"1422","21",89,"grey","black"
"1424","eagle",89,"grey","black"
"1425","fang",89,"grey","black"
"1426","guide",89,"grey","black"
"1427","mai",89,"grey","black"
"1429","pass",89,"grey","black"
"1430","passage",89,"grey","black"
"1431","playing",89,"grey","black"
"1432","robin",89,"grey","black"
"1433","sugar",89,"grey","black"
"1434","w",89,"grey","black"
"1435","bullet",88,"grey","black"
"1436","chang",88,"grey","black"
"1437","close",88,"grey","black"
"1438","dios",88,"grey","black"
"1439","erotic",88,"grey","black"
"1440","fool",88,"red","black"
"1441","frauen",88,"grey","black"
"1442","hommes",88,"grey","black"
"1443","key",88,"grey","black"
"1444","ki",88,"grey","black"
"1445","koi",88,"grey","black"
"1446","lion",88,"grey","black"
"1447","martin",88,"grey","black"
"1448","mio",88,"grey","black"
"1449","moving",88,"grey","black"
"1450","science",88,"grey","black"
"1451","sei",88,"grey","black"
"1452","shri",88,"grey","black"
"1453","som",88,"grey","black"
"1455","trial",88,"grey","black"
"1456","'",88,"grey","black"
"1457","word",88,"grey","black"
"1458","amore",87,"grey","black"
"1459","birds",87,"grey","black"
"1460","bu",87,"grey","black"
"1461","bus",87,"grey","black"
"1462","cage",87,"grey","black"
"1463","courage",87,"blue","black"
"1464","eternal",87,"grey","black"
"1465","gate",87,"grey","black"
"1466","große",87,"grey","black"
"1467","guo",87,"grey","black"
"1470","..",87,"grey","black"
"1471","parade",87,"grey","black"
"1472","purple",87,"grey","black"
"1473","raiders",87,"grey","black"
"1474","suicide",87,"red","black"
"1475","tin",87,"grey","black"
"1476","viva",87,"grey","black"
"1477","xue",87,"grey","black"
"1478","zhi",87,"grey","black"
"1479","belle",86,"grey","black"
"1480","buenos",86,"grey","black"
"1481","crisis",86,"red","black"
"1482","field",86,"grey","black"
"1483","iz",86,"grey","black"
"1484","much",86,"grey","black"
"1485","rough",86,"red","black"
"1486","series",86,"grey","black"
"1487","shao",86,"grey","black"
"1488","smoke",86,"red","black"
"1489","xiang",86,"grey","black"
"1490","yoru",86,"grey","black"
"1491","17",85,"grey","black"
"1492","brasil",85,"grey","black"
"1493","control",85,"grey","black"
"1494","daughters",85,"grey","black"
"1495","diaries",85,"grey","black"
"1496","és",85,"grey","black"
"1497","falling",85,"red","black"
"1498","falls",85,"red","black"
"1499","films",85,"grey","black"
"1500","hi",85,"grey","black"
"1501","'amour",85,"grey","black"
"1502","lin",85,"grey","black"
"1503","nobody",85,"grey","black"
"1504","reunion",85,"grey","black"
"1505","social",85,"grey","black"
"1507","bai",84,"grey","black"
"1508","car",84,"grey","black"
"1509","conspiracy",84,"red","black"
"1511","fra",84,"grey","black"
"1512","hunters",84,"grey","black"
"1513","mai",84,"grey","black"
"1514","prema",84,"grey","black"
"1515","public",84,"grey","black"
"1517","tong",84,"grey","black"
"1518","usa",84,"grey","black"
"1519","walls",84,"grey","black"
"1520","yeh",84,"grey","black"
"1521","ying",84,"grey","black"
"1522","bay",83,"grey","black"
"1523","chuan",83,"grey","black"
"1524","ciudad",83,"grey","black"
"1525","coast",83,"grey","black"
"1526","connection",83,"grey","black"
"1527","effect",83,"grey","black"
"1528","ganga",83,"grey","black"
"1529","hold",83,"grey","black"
"1530","meng",83,"grey","black"
"1531","outlaw",83,"red","black"
"1532","portugal",83,"grey","black"
"1533","rouge",83,"grey","black"
"1534","santo",83,"grey","black"
"1535","stay",83,"grey","black"
"1536","thomas",83,"grey","black"
"1537","yan",83,"grey","black"
"1539","años",82,"grey","black"
"1540","az",82,"grey","black"
"1541","bear",82,"grey","black"
"1543","bi",82,"grey","black"
"1544","boss",82,"grey","black"
"1546","hall",82,"grey","black"
"1547","husband",82,"grey","black"
"1548","iii:",82,"grey","black"
"1549","mike",82,"grey","black"
"1551","monkey",82,"grey","black"
"1552","outside",82,"grey","black"
"1553","pa",82,"grey","black"
"1554","survival",82,"blue","black"
"1555","view",82,"grey","black"
"1556","wish",82,"grey","black"
"1557","zwei",82,"grey","black"
"1558","abenteuer",81,"grey","black"
"1559","bez",81,"grey","black"
"1560","degli",81,"grey","black"
"1561","elephant",81,"grey","black"
"1562","empty",81,"grey","black"
"1563","episode",81,"grey","black"
"1565","france",81,"grey","black"
"1566","herr",81,"grey","black"
"1567","mare",81,"grey","black"
"1568","matter",81,"grey","black"
"1569","mei",81,"grey","black"
"1570","min",81,"grey","black"
"1571","obsession",81,"blue","black"
"1572","ram",81,"grey","black"
"1573","requiem",81,"grey","black"
"1574","ri",81,"grey","black"
"1575","scenes",81,"grey","black"
"1576","tag",81,"grey","black"
"1577","teen",81,"grey","black"
"1578","thousand",81,"grey","black"
"1579","trust",81,"blue","black"
"1580","wonder",81,"blue","black"
"1581","zhu",81,"grey","black"
"1582","2000",80,"grey","black"
"1583","4:",80,"grey","black"
"1584","camera",80,"grey","black"
"1585","care",80,"grey","black"
"1586","chor",80,"grey","black"
"1587","corner",80,"grey","black"
"1588","dinner",80,"grey","black"
"1589","female",80,"grey","black"
"1590","follow",80,"grey","black"
"1591","hi",80,"grey","black"
"1592","jimmy",80,"grey","black"
"1593","killed",80,"red","black"
"1594","liu",80,"grey","black"
"1595","luna",80,"grey","black"
"1596","meets",80,"grey","black"
"1597","nice",80,"blue","black"
"1598","pacific",80,"grey","black"
"1599","pain",80,"red","black"
"1600","rhythm",80,"grey","black"
"1601","roses",80,"grey","black"
"1602","samurai",80,"grey","black"
"1603","'",80,"grey","black"
"1606","today",80,"grey","black"
"1607","tres",80,"grey","black"
"1608","william",80,"grey","black"
"1609","army",79,"grey","black"
"1610","ashes",79,"grey","black"
"1611","awakening",79,"grey","black"
"1612","beginning",79,"grey","black"
"1613","bobby",79,"grey","black"
"1614","dracula",79,"grey","black"
"1615","fan",79,"grey","black"
"1616","front",79,"grey","black"
"1617","homme",79,"grey","black"
"1618","invasion",79,"grey","black"
"1619","jean",79,"grey","black"
"1620","jing",79,"grey","black"
"1621","mar",79,"red","black"
"1622","meri",79,"grey","black"
"1623","monte",79,"grey","black"
"1624","oh",79,"grey","black"
"1625","petit",79,"grey","black"
"1626","scream",79,"red","black"
"1627","sexy",79,"blue","black"
"1628","sha",79,"grey","black"
"1629","sto",79,"grey","black"
"1631","tie",79,"grey","black"
"1634","dad",78,"grey","black"
"1635","een",78,"grey","black"
"1636","een",78,"grey","black"
"1637","erotica",78,"grey","black"
"1638","fat",78,"red","black"
"1639","flower",78,"grey","black"
"1640","gia",78,"grey","black"
"1641","hana",78,"grey","black"
"1642","inferno",78,"grey","black"
"1643","list",78,"grey","black"
"1645","rey",78,"grey","black"
"1646","searching",78,"grey","black"
"1648","shoes",78,"grey","black"
"1649","smith",78,"grey","black"
"1650","soleil",78,"grey","black"
"1651","storia",78,"grey","black"
"1652","tierra",78,"grey","black"
"1653","wang",78,"grey","black"
"1654","'",78,"grey","black"
"1655","wilderness",78,"grey","black"
"1656","world'",78,"grey","black"
"1657","yang",78,"grey","black"
"1658","...",77,"grey","black"
"1659","apocalypse",77,"red","black"
"1660","chun",77,"grey","black"
"1661","church",77,"grey","black"
"1662","culture",77,"grey","black"
"1663","dong",77,"grey","black"
"1664","honey",77,"grey","black"
"1665","ili",77,"grey","black"
"1666","maría",77,"grey","black"
"1668","patrol",77,"grey","black"
"1669","satan",77,"grey","black"
"1670","swing",77,"grey","black"
"1671","tout",77,"red","black"
"1672","window",77,"grey","black"
"1673","worlds",77,"grey","black"
"1674","zhen",77,"grey","black"
"1675","zhuan",77,"grey","black"
"1677","birthday",76,"grey","black"
"1678","buffalo",76,"grey","black"
"1679","melody",76,"grey","black"
"1680","menschen",76,"grey","black"
"1681","mere",76,"grey","black"
"1682","mother'",76,"grey","black"
"1683","news",76,"grey","black"
"1684","pan",76,"red","black"
"1685","roi",76,"grey","black"
"1686","sale",76,"grey","black"
"1687","schatten",76,"grey","black"
"1688","shop",76,"grey","black"
"1690","sleeping",76,"grey","black"
"1691","universe",76,"grey","black"
"1692","11",75,"grey","black"
"1693","aires",75,"grey","black"
"1694","alma",75,"grey","black"
"1695","changing",75,"grey","black"
"1696","chou",75,"grey","black"
"1697","daniel",75,"grey","black"
"1698","different",75,"grey","black"
"1699","drei",75,"grey","black"
"1701","experiment",75,"grey","black"
"1702","frankenstein",75,"grey","black"
"1703","geschichte",75,"grey","black"
"1704","haus",75,"grey","black"
"1705","hunting",75,"grey","black"
"1706","kai",75,"grey","black"
"1707","khan",75,"grey","black"
"1708","lao",75,"grey","black"
"1709","movie:",75,"grey","black"
"1710","niang",75,"grey","black"
"1711","paranormal",75,"grey","black"
"1712","president",75,"grey","black"
"1713","rides",75,"grey","black"
"1714","sand",75,"grey","black"
"1715","target",75,"grey","black"
"1716","tide",75,"grey","black"
"1717","voyage",75,"grey","black"
"1718","akai",74,"grey","black"
"1719","believe",74,"grey","black"
"1720","bye",74,"grey","black"
"1721","corazón",74,"grey","black"
"1722","dal",74,"grey","black"
"1723","dreaming",74,"grey","black"
"1724","fighter",74,"grey","black"
"1725","giorno",74,"grey","black"
"1726","kadin",74,"grey","black"
"1727","lines",74,"grey","black"
"1728","low",74,"grey","black"
"1729","mahal",74,"grey","black"
"1730","metal",74,"grey","black"
"1731","méxico",74,"grey","black"
"1732","middle",74,"grey","black"
"1734","motion",74,"grey","black"
"1735","mysterious",74,"red","black"
"1736","po",74,"grey","black"
"1737","returns",74,"grey","black"
"1738","riding",74,"grey","black"
"1739","shan",74,"grey","black"
"1740","stadt",74,"grey","black"
"1741","style",74,"grey","black"
"1742","tage",74,"grey","black"
"1743","taste",74,"grey","black"
"1744","till",74,"grey","black"
"1746","wicked",74,"red","black"
"1747","working",74,"grey","black"
"1748","16",73,"grey","black"
"1749","academy",73,"grey","black"
"1750","amore",73,"grey","black"
"1751","bao",73,"grey","black"
"1752","bing",73,"grey","black"
"1753","bir",73,"grey","black"
"1754","canada",73,"grey","black"
"1755","ci",73,"grey","black"
"1756","comme",73,"grey","black"
"1758","due",73,"grey","black"
"1759","fin",73,"grey","black"
"1760","gospel",73,"grey","black"
"1761","guerra",73,"grey","black"
"1763","kara",73,"grey","black"
"1764","kong",73,"grey","black"
"1765","lightning",73,"grey","black"
"1766","movies",73,"grey","black"
"1767","negro",73,"grey","black"
"1768","ocean",73,"grey","black"
"1769","reise",73,"grey","black"
"1770","shooting",73,"grey","black"
"1771","sol",73,"grey","black"
"1772","tower",73,"grey","black"
"1773","twilight",73,"grey","black"
"1774","ako",72,"grey","black"
"1775","alley",72,"grey","black"
"1776","drop",72,"grey","black"
"1777","factory",72,"grey","black"
"1778","francisco",72,"grey","black"
"1779","grey",72,"grey","black"
"1780","karma",72,"grey","black"
"1781","'amour",72,"grey","black"
"1782","live:",72,"grey","black"
"1783","luo",72,"grey","black"
"1784","marie",72,"grey","black"
"1785","nikki",72,"grey","black"
"1787","pursuit",72,"grey","black"
"1788","re",72,"grey","black"
"1789","rescue",72,"grey","black"
"1790","skies",72,"grey","black"
"1791","sol",72,"grey","black"
"1792","station",72,"grey","black"
"1794","tri",72,"grey","black"
"1795","victory",72,"blue","black"
"1796","violence",72,"grey","black"
"1797","woman'",72,"grey","black"
"1798","yao",72,"grey","black"
"1799","zhang",72,"grey","black"
"1800","bi",71,"grey","black"
"1801","brave",71,"blue","black"
"1802","cup",71,"grey","black"
"1803","feet",71,"grey","black"
"1804","gong",71,"grey","black"
"1805","hollow",71,"red","black"
"1806","ishq",71,"grey","black"
"1807","kamen",71,"grey","black"
"1808","luna",71,"grey","black"
"1809","mile",71,"grey","black"
"1810","mr",71,"grey","black"
"1811","poor",71,"red","black"
"1812","rules",71,"grey","black"
"1813","rush",71,"grey","black"
"1814","senza",71,"grey","black"
"1815","shoot",71,"grey","black"
"1816","waters",71,"grey","black"
"1817","web",71,"grey","black"
"1818","yin",71,"grey","black"
"1819","15",70,"grey","black"
"1820","amour",70,"grey","black"
"1821","bank",70,"grey","black"
"1823","divine",70,"blue","black"
"1824","halloween",70,"grey","black"
"1825","hans",70,"grey","black"
"1826","hole",70,"grey","black"
"1827","io",70,"grey","black"
"1828","kleine",70,"grey","black"
"1829","'uomo",70,"grey","black"
"1830","ley",70,"grey","black"
"1831","march",70,"grey","black"
"1832","murders",70,"grey","black"
"1834","pedro",70,"grey","black"
"1835","rebel",70,"grey","black"
"1836","sang",70,"grey","black"
"1837","shu",70,"grey","black"
"1838","single",70,"grey","black"
"1839","solo",70,"grey","black"
"1840","sombra",70,"grey","black"
"1841","steps",70,"grey","black"
"1842","taking",70,"grey","black"
"1843","tarzan",70,"grey","black"
"1844","thieves",70,"grey","black"
"1845","twisted",70,"red","black"
"1846","wheels",70,"grey","black"
"1847","1:",69,"grey","black"
"1848","18",69,"grey","black"
"1849","alex",69,"grey","black"
"1850","along",69,"grey","black"
"1851","angeles",69,"grey","black"
"1852","bright",69,"blue","black"
"1853","chocolate",69,"grey","black"
"1854","destino",69,"grey","black"
"1856","gray",69,"grey","black"
"1857","haunting",69,"red","black"
"1858","ivan",69,"grey","black"
"1859","lola",69,"grey","black"
"1860","mga",69,"grey","black"
"1861","não",69,"grey","black"
"1862","personal",69,"grey","black"
"1863","roman",69,"grey","black"
"1864","sono",69,"grey","black"
"1865","test",69,"grey","black"
"1866","trees",69,"grey","black"
"1867","watashi",69,"grey","black"
"1868","ways",69,"grey","black"
"1870","week",69,"grey","black"
"1871","wolves",69,"grey","black"
"1872","yin",69,"grey","black"
"1873","zhe",69,"grey","black"
"1874","zheng",69,"grey","black"
"1875","choice",68,"grey","black"
"1876","citizen",68,"grey","black"
"1877","clown",68,"grey","black"
"1878","contro",68,"grey","black"
"1879","deal",68,"grey","black"
"1880","eat",68,"grey","black"
"1881","forget",68,"grey","black"
"1882","giant",68,"grey","black"
"1883","hell'",68,"grey","black"
"1884","innocence",68,"grey","black"
"1885","innocent",68,"grey","black"
"1886","lang",68,"grey","black"
"1887","maison",68,"grey","black"
"1888","naka",68,"grey","black"
"1889","need",68,"grey","black"
"1890","petite",68,"grey","black"
"1891","prey",68,"grey","black"
"1892","pro",68,"grey","black"
"1893","roots",68,"grey","black"
"1894","round",68,"grey","black"
"1895","scandal",68,"red","black"
"1896","'",68,"grey","black"
"1897","somewhere",68,"grey","black"
"1898","terre",68,"grey","black"
"1899","till",68,"grey","black"
"1900","widow",68,"grey","black"
"1901","wild:",68,"grey","black"
"1902","yuan",68,"grey","black"
"1903","zhong",68,"grey","black"
"1904","(",67,"grey","black"
"1905","adam",67,"grey","black"
"1907","anak",67,"grey","black"
"1908","animals",67,"grey","black"
"1909","är",67,"grey","black"
"1910","babylon",67,"grey","black"
"1911","bombay",67,"grey","black"
"1912","bone",67,"grey","black"
"1913","candy",67,"grey","black"
"1914","duniya",67,"grey","black"
"1915","father'",67,"grey","black"
"1916","fi",67,"grey","black"
"1917","flowers",67,"grey","black"
"1918","guerre",67,"grey","black"
"1920","hijo",67,"grey","black"
"1921","homem",67,"grey","black"
"1922","jigoku",67,"grey","black"
"1923","ju",67,"grey","black"
"1924","loose",67,"red","black"
"1925","mail",67,"grey","black"
"1926","mercy",67,"blue","black"
"1927","mom",67,"grey","black"
"1928","moments",67,"grey","black"
"1929","naam",67,"grey","black"
"1930","në",67,"grey","black"
"1931","oi",67,"grey","black"
"1932","pays",67,"grey","black"
"1933","psycho",67,"grey","black"
"1934","punk",67,"red","black"
"1935","saga",67,"grey","black"
"1936","split",67,"red","black"
"1937","surviving",67,"grey","black"
"1938","swedish",67,"grey","black"
"1939","sword",67,"grey","black"
"1940","vision",67,"grey","black"
"1942","wan",67,"grey","black"
"1944","wave",67,"grey","black"
"1946","25",66,"grey","black"
"1947","april",66,"grey","black"
"1948","becoming",66,"grey","black"
"1949","bruce",66,"grey","black"
"1950","bullets",66,"grey","black"
"1951","che",66,"grey","black"
"1952","chez",66,"grey","black"
"1953","dame",66,"grey","black"
"1954","demons",66,"grey","black"
"1955","desperate",66,"red","black"
"1956","diamonds",66,"grey","black"
"1957","din",66,"red","black"
"1958","é",66,"grey","black"
"1959","feature",66,"grey","black"
"1960","find",66,"grey","black"
"1961","fine",66,"blue","black"
"1962","guang",66,"grey","black"
"1963","incident",66,"grey","black"
"1964","inner",66,"grey","black"
"1965","irish",66,"grey","black"
"1966","kôhen",66,"grey","black"
"1967","kuang",66,"grey","black"
"1968","liberty",66,"blue","black"
"1969","magnificent",66,"blue","black"
"1970","mal",66,"grey","black"
"1971","mano",66,"grey","black"
"1972","mighty",66,"blue","black"
"1973","noite",66,"grey","black"
"1975","padre",66,"grey","black"
"1976","safe",66,"blue","black"
"1977","slave",66,"red","black"
"1979","tout",66,"red","black"
"1981","veer",66,"grey","black"
"1982","'em",65,"grey","black"
"1983","cafe",65,"grey","black"
"1984","cai",65,"grey","black"
"1985","chaos",65,"red","black"
"1986","christ",65,"grey","black"
"1987","dancer",65,"grey","black"
"1988","dernier",65,"grey","black"
"1989","días",65,"grey","black"
"1990","eight",65,"grey","black"
"1991","filme",65,"grey","black"
"1992","grave",65,"grey","black"
"1993","gu",65,"grey","black"
"1994","hain",65,"grey","black"
"1995","healing",65,"grey","black"
"1996","heavy",65,"grey","black"
"1997","interview",65,"grey","black"
"1998","istanbul",65,"grey","black"
"1999","mexico",65,"grey","black"
"2000","notes",65,"grey","black"
"2001","ranger",65,"grey","black"
"2002","strike",65,"red","black"
"2003","symphony",65,"grey","black"
"2005","waves",65,"grey","black"
"2008","aru",64,"grey","black"
"2009","ballad",64,"grey","black"
"2010","bhai",64,"grey","black"
"2011","bomb",64,"red","black"
"2012","bondage",64,"red","black"
"2013","building",64,"grey","black"
"2014","camino",64,"grey","black"
"2015","cristo",64,"grey","black"
"2016","damned",64,"red","black"
"2017","devils",64,"grey","black"
"2018","exile",64,"red","black"
"2019","fox",64,"grey","black"
"2020","guru",64,"grey","black"
"2021","hada",64,"grey","black"
"2022","hombres",64,"grey","black"
"2023","kampf",64,"grey","black"
"2024","lin",64,"grey","black"
"2025","machi",64,"grey","black"
"2026","mata",64,"grey","black"
"2027","mulher",64,"grey","black"
"2028","navy",64,"grey","black"
"2029","nero",64,"grey","black"
"2030","nie",64,"grey","black"
"2031","post",64,"grey","black"
"2032","prairie",64,"grey","black"
"2033","robinson",64,"grey","black"
"2035","talking",64,"grey","black"
"2036","tiempo",64,"grey","black"
"2037","tôkyô",64,"grey","black"
"2038","zhao",64,"grey","black"
"2039","apart",63,"grey","black"
"2040","bai",63,"grey","black"
"2041","belle",63,"grey","black"
"2042","'",63,"grey","black"
"2043","chain",63,"grey","black"
"2044","clouds",63,"grey","black"
"2045","cowboys",63,"grey","black"
"2046","driver",63,"grey","black"
"2047","electric",63,"grey","black"
"2048","ends",63,"grey","black"
"2049","goddess",63,"grey","black"
"2050","guan",63,"grey","black"
"2051","incredible",63,"blue","black"
"2052","kinder",63,"grey","black"
"2053","lao",63,"grey","black"
"2054",",",63,"grey","black"
"2055","morte",63,"grey","black"
"2056","noir",63,"grey","black"
"2057","palace",63,"grey","black"
"2059","père",63,"grey","black"
"2060","phoenix",63,"grey","black"
"2061","please",63,"grey","black"
"2062","qin",63,"grey","black"
"2063","secret",63,"grey","black"
"2064","set",63,"grey","black"
"2065","standing",63,"grey","black"
"2066","ticket",63,"grey","black"
"2067","tragedy",63,"red","black"
"2068","90",62,"grey","black"
"2069","ahead",62,"grey","black"
"2070","albert",62,"grey","black"
"2071","brain",62,"grey","black"
"2072","carmen",62,"grey","black"
"2073","cycle",62,"grey","black"
"2074","deng",62,"grey","black"
"2075","deutschland",62,"grey","black"
"2076","hei",62,"grey","black"
"2077","himmel",62,"grey","black"
"2078","huo",62,"grey","black"
"2079","international",62,"grey","black"
"2080","japan",62,"grey","black"
"2081","keeper",62,"grey","black"
"2082","kim",62,"grey","black"
"2085","meu",62,"grey","black"
"2086","mian",62,"grey","black"
"2087","mississippi",62,"grey","black"
"2088","mondo",62,"grey","black"
"2089","motel",62,"grey","black"
"2090","pieces",62,"grey","black"
"2091","porto",62,"grey","black"
"2092","qian",62,"grey","black"
"2093","seishun",62,"grey","black"
"2094","sem",62,"grey","black"
"2095","shall",62,"grey","black"
"2097","struggle",62,"red","black"
"2098","think",62,"grey","black"
"2099","trails",62,"grey","black"
"2100","venganza",62,"grey","black"
"2101","walang",62,"grey","black"
"2102","annie",61,"grey","black"
"2103","arctic",61,"grey","black"
"2104","breakfast",61,"grey","black"
"2105","carlos",61,"grey","black"
"2106","chapter",61,"grey","black"
"2107","cherry",61,"grey","black"
"2108","città",61,"grey","black"
"2109","coffee",61,"grey","black"
"2110","crooked",61,"red","black"
"2111","dian",61,"grey","black"
"2112","divorce",61,"grey","black"
"2113","donne",61,"grey","black"
"2114","é",61,"grey","black"
"2115","gangster",61,"red","black"
"2116","global",61,"grey","black"
"2117","guilty",61,"red","black"
"2119","jiang",61,"grey","black"
"2120","jours",61,"grey","black"
"2121","julie",61,"grey","black"
"2122","laura",61,"grey","black"
"2123","legends",61,"grey","black"
"2124","masters",61,"blue","black"
"2125","mistress",61,"red","black"
"2127","mu",61,"grey","black"
"2129","natural",61,"grey","black"
"2130","naughty",61,"red","black"
"2131","normal",61,"grey","black"
"2132","op",61,"grey","black"
"2133","ordinary",61,"grey","black"
"2134","passing",61,"grey","black"
"2135","pirates",61,"grey","black"
"2136","places",61,"grey","black"
"2137","pure",61,"blue","black"
"2138","secreto",61,"grey","black"
"2140","silk",61,"grey","black"
"2141","simon",61,"grey","black"
"2142","simple",61,"grey","black"
"2143","tape",61,"grey","black"
"2144","tin",61,"grey","black"
"2145","très",61,"grey","black"
"2146","var",61,"grey","black"
"2147","ville",61,"grey","black"
"2148","well",61,"blue","black"
"2149","avenue",60,"grey","black"
"2150","bell",60,"grey","black"
"2151","boat",60,"grey","black"
"2152","breath",60,"grey","black"
"2153","central",60,"grey","black"
"2154","challenge",60,"grey","black"
"2155","common",60,"grey","black"
"2156","crimson",60,"grey","black"
"2157","det",60,"grey","black"
"2158","drama",60,"grey","black"
"2159","echo",60,"grey","black"
"2160","fils",60,"grey","black"
"2161","hamlet",60,"grey","black"
"2162","heist",60,"grey","black"
"2163","hip",60,"grey","black"
"2164","historias",60,"grey","black"
"2165","hitler",60,"grey","black"
"2166","holmes",60,"grey","black"
"2167","iv",60,"grey","black"
"2168","joseph",60,"grey","black"
"2169","juliet",60,"grey","black"
"2170","kahani",60,"grey","black"
"2171","madre",60,"grey","black"
"2172","market",60,"grey","black"
"2173","nai",60,"grey","black"
"2174","noche",60,"grey","black"
"2176","pop",60,"grey","black"
"2177","pro",60,"grey","black"
"2178","qiang",60,"grey","black"
"2179","ranch",60,"grey","black"
"2181",".",60,"grey","black"
"2182","saturday",60,"grey","black"
"2183","serial",60,"grey","black"
"2184","shark",60,"red","black"
"2185","ship",60,"grey","black"
"2187","të",60,"grey","black"
"2188","thriller",60,"grey","black"
"2190","tong",60,"grey","black"
"2191","tough",60,"blue","black"
"2192","trois",60,"grey","black"
"2193","tv",60,"grey","black"
"2194","vietnam",60,"grey","black"
"2195","wait",60,"grey","black"
"2197","zorro",60,"grey","black"
"2198","agni",59,"grey","black"
"2199","anne",59,"grey","black"
"2200","babu",59,"grey","black"
"2201","bien",59,"grey","black"
"2202","bitter",59,"red","black"
"2203","caught",59,"grey","black"
"2204","ciel",59,"grey","black"
"2205","cover",59,"grey","black"
"2206","daku",59,"grey","black"
"2207","dang",59,"grey","black"
"2208","dar",59,"grey","black"
"2209","education",59,"grey","black"
"2210","genius",59,"blue","black"
"2211","grass",59,"grey","black"
"2212","huan",59,"grey","black"
"2213","hungry",59,"grey","black"
"2214","jia",59,"grey","black"
"2215","joshi",59,"grey","black"
"2216","ko",59,"grey","black"
"2217","liang",59,"grey","black"
"2218","life:",59,"grey","black"
"2219","loving",59,"blue","black"
"2220","marry",59,"grey","black"
"2222","oro",59,"grey","black"
"2223","paradies",59,"grey","black"
"2224","pay",59,"grey","black"
"2225","professor",59,"grey","black"
"2226","rogue",59,"red","black"
"2227","runaway",59,"red","black"
"2228","runner",59,"grey","black"
"2230","shades",59,"grey","black"
"2231","tall",59,"grey","black"
"2232","tre",59,"grey","black"
"2233","turning",59,"grey","black"
"2234","twice",59,"grey","black"
"2235","arms",58,"grey","black"
"2236","assassin",58,"red","black"
"2237","august",58,"grey","black"
"2239","canadian",58,"grey","black"
"2241","chase",58,"grey","black"
"2242","christian",58,"grey","black"
"2243","chu",58,"grey","black"
"2244","comme",58,"grey","black"
"2245","dia",58,"grey","black"
"2246","din",58,"red","black"
"2247","elvis",58,"grey","black"
"2248","identity",58,"grey","black"
"2249","jahre",58,"grey","black"
"2250","mafia",58,"grey","black"
"2251","mountains",58,"grey","black"
"2252","naa",58,"grey","black"
"2253","negra",58,"grey","black"
"2254","painted",58,"grey","black"
"2255","pearl",58,"grey","black"
"2256","pictures",58,"grey","black"
"2257","resurrection",58,"grey","black"
"2258","sheng",58,"grey","black"
"2259","sight",58,"grey","black"
"2260","snake",58,"grey","black"
"2261","someone",58,"grey","black"
"2262","sri",58,"grey","black"
"2263","stin",58,"grey","black"
"2264","tango",58,"grey","black"
"2265","temple",58,"grey","black"
"2267","tony",58,"grey","black"
"2268","twin",58,"grey","black"
"2269","washington",58,"grey","black"
"2270","went",58,"grey","black"
"2271","wrestling",58,"grey","black"
"2272","zindagi",58,"grey","black"
"2274","begins",57,"grey","black"
"2275","block",57,"grey","black"
"2276","bones",57,"grey","black"
"2277","carnaval",57,"grey","black"
"2278","carnival",57,"grey","black"
"2279","crimes",57,"grey","black"
"2280","dolls",57,"grey","black"
"2281","duo",57,"grey","black"
"2283","hair",57,"grey","black"
"2284","hari",57,"grey","black"
"2285","harlem",57,"grey","black"
"2286","hear",57,"grey","black"
"2287","histoire",57,"grey","black"
"2288","horses",57,"grey","black"
"2289","lied",57,"red","black"
"2290","lily",57,"grey","black"
"2291","männer",57,"grey","black"
"2292","met",57,"grey","black"
"2293","napoli",57,"grey","black"
"2294","pag-ibig",57,"grey","black"
"2295","poet",57,"grey","black"
"2296","port",57,"grey","black"
"2297","prisoner",57,"red","black"
"2298","quand",57,"grey","black"
"2299","raw",57,"grey","black"
"2300","russian",57,"grey","black"
"2301","shuang",57,"grey","black"
"2302","shui",57,"grey","black"
"2304","student",57,"grey","black"
"2307","triumph",57,"blue","black"
"2308","vanishing",57,"grey","black"
"2309","vice",57,"red","black"
"2310","wet",57,"grey","black"
"2311","wood",57,"grey","black"
"2312","xie",57,"grey","black"
"2313","yesterday",57,"grey","black"
"2314",",",57,"grey","black"
"2315","14",56,"grey","black"
"2316","affairs",56,"grey","black"
"2319","bo",56,"grey","black"
"2320","buddha",56,"grey","black"
"2321","buhay",56,"grey","black"
"2323","champion",56,"blue","black"
"2324","cinderella",56,"grey","black"
"2325","criminal",56,"red","black"
"2326","delta",56,"grey","black"
"2327","dlya",56,"grey","black"
"2328","false",56,"red","black"
"2329","famous",56,"blue","black"
"2330","fashion",56,"grey","black"
"2331","giorni",56,"grey","black"
"2332","gypsy",56,"grey","black"
"2333","league",56,"grey","black"
"2335","mu",56,"grey","black"
"2336","oh,",56,"grey","black"
"2337","película",56,"grey","black"
"2338","porno",56,"grey","black"
"2339","qiu",56,"grey","black"
"2340","rabbit",56,"grey","black"
"2341","racing",56,"grey","black"
"2342","sangre",56,"grey","black"
"2344","seconds",56,"grey","black"
"2345","smart",56,"blue","black"
"2346","smile",56,"blue","black"
"2347","steve",56,"grey","black"
"2348","theory",56,"grey","black"
"2350","velvet",56,"grey","black"
"2351","vi",56,"grey","black"
